{
    "tabs": {
        "00": {
            "tab_id": "00",
            "cwd": "/workspace/dashboard",
            "observer": {
                "block": "Terminal",
                "uuid": "dd85ec63-78e1-44ba-810d-061b21960c5b",
                "enable_llm_stream": false,
                "callback_url": ""
            },
            "shell_command": [
                "bash"
            ],
            "command_terminator": "\n"
        },
        "01": {
            "tab_id": "01",
            "cwd": "/workspace/dashboard",
            "observer": {
                "block": "Terminal",
                "uuid": "ba080c46-f06c-4f79-9d85-12bc27da7fa7",
                "enable_llm_stream": false,
                "callback_url": ""
            },
            "shell_command": [
                "bash"
            ],
            "command_terminator": "\n"
        }
    },
    "current_tab_id": "01",
    "forbidden_commands": {
        "run preview": "Use Deployer.deploy_to_public instead.",
        "serve ": "Use Deployer.deploy_to_public instead.",
        "python -m http.server": "Use python -u -m http.server port_number instead."
    },
    "timeout": 300.0,
    "working_dir": "/workspace"
}